,
det,O
er,O
et,O
faktum,O
at,O
realveksten,O
i,O
dem,O
frie,O
inntektene,O
har,O
vært,O
større,O
under,O
den,O
her,O
regjeringa,O
enn,O
det,O
var,O
under,O
åtte,O
rød-grønne,O
år,O
,
og,O
på,O
et,O
av,O
området,O
hvor,O
kuttene,O
på,O
Justisdepartementet,B-ORG
så,O
er,O
det,O
altså,O
sånn,O
fordi,O
at,O
vi,O
også,O
gjør,O
andre,O
prioriteter,O
som,O
bidrar,O
til,O
at,O
vi,O
øker,O
og,O
støtter,O
opp,O
under,O
det,O
juridiske,O
støtten,O
,
men,O
nå,O
er,O
det,O
som,O
vi,O
har,O
to,O
nasjonalteatre,O
i,O
Norge,B-GPE_LOC
og,O
det,O
eneste,O
kjennetegnet,O
som,O
kjennetegner,O
skuespillere,O
som,O
får,O
den,O
store,O
æren,O
å,O
få,O
en,O
ansettelse,O
på,O
vårt,O
nasjonalteater,O
det,O
er,O
jo,O
at,O
dem,O
blir,O
sjuke,O
av,O
arbeidsmiljøet,O
sitt,O
,
hensynet,O
til,O
fellesskapet,O
ble,O
en,O
ny,O
og,O
etter,O
hvert,O
en,O
tyngre,O
faktor,O
i,O
internasjonal,O
politikk,O
,
Kriminalomsorgsdirektoratet,B-ORG
slo,O
i,O
fjor,O
haust,O
alarm,O
for,O
at,O
avbyråkratiserings-,O
og,O
effektiviseringsreforma,O
fører,O
til,O
farleg,O
lav,O
bemanning,O
i,O
norske,O
fengsel,O
,
og,O
vår,O
jobb,O
og,O
vårt,O
bidrag,O
er,O
jo,O
ofte,O
å,O
bidra,O
til,O
at,O
nettopp,O
stridsregelverk,O
og,O
annet,O
læres,O
opp,O
følges,O
opp,O
og,O
annet,O
og,O
at,O
vi,O
håndterer,O
episoder,O
når,O
det,O
skjer,O
,
men,O
dette,O
skal,O
vi,O
få,O
veldig,O
mange,O
interessante,O
diskusjoner,O
rundt,O
når,O
det,O
som,O
nå,O
er,O
ute,O
på,O
høring,O
som,O
har,O
med,O
finansiering,O
av,O
trossamfunn,O
når,O
det,O
kommer,O
til,O
Stortinget,B-ORG
,
og,O
første,O
tilleggsspørsmål,O
fra,O
Karin,B-PER
Andersen,I-PER
,
KrF,B-ORG
slutter,O
sterkt,O
opp,O
om,O
jordlovens,O
funksjon,O
for,O
å,O
sikre,O
gode,O
og,O
framtidsretta,O
løsninger,O
for,O
eiendomsutformingen,O
,
men,O
pga.,O
dei,O
mange,O
og,O
lange,O
tunellane,O
så,O
er,O
det,O
selvfølgelig,O
eit,O
omfattande,O
og,O
krevjande,O
arbeid,O
og,O
det,O
tar,O
tid,O
å,O
løfta,O
sikkerheita,O
opp,O
på,O
eit,O
høgare,O
nivå,O
,
Senterpartiet,B-ORG
mener,O
at,O
arbeidslivet,O
har,O
behov,O
for,O
at,O
flere,O
tar,O
denne,O
utdanninga,O
samtidig,O
som,O
at,O
utdanninga,O
egner,O
seg,O
for,O
flere,O
enn,O
de,O
som,O
finner,O
veien,O
hit,O
i,O
dag,O
,
og,O
det,O
president,O
er,O
skuffende,O
,
jeg,O
er,O
enig,O
med,O
representanten,O
Kaski,B-PER
at,O
man,O
må,O
se,O
på,O
forholdet,O
mellom,O
oppgaver,O
og,O
bevilgninger,O
men,O
det,O
er,O
jo,O
ikke,O
et,O
én-til-én-sammenheng,O
i,O
det,O
,
så,O
jeg,O
skjønner,O
at,O
det,O
kan,O
være,O
et,O
prinsipp,O
men,O
det,O
er,O
greit,O
at,O
hvis,O
det,O
prinsippet,O
får,O
flertall,O
så,O
kan,O
Norge,B-GPE_ORG
ikke,O
lenger,O
reise,O
rundt,O
og,O
invitere,O
alle,O
utenlandske,O
selskaper,O
,
derfor,O
er,O
der,O
ingen,O
grunn,O
til,O
at,O
det,O
som,O
de,O
stedene,O
skal,O
konkurranseutsette,O
at,O
en,O
skal,O
vente,O
på,O
erfaringer,O
fra,O
noe,O
som,O
ikke,O
er,O
relevant,O
nemlig,O
teknologiutvikling,O
på,O
tårnstyringen,O
,
det,O
er,O
partier,O
som,O
har,O
endra,O
standpunkt,O
når,O
de,O
i,O
møte,O
med,O
virkeligheten,O
ser,O
at,O
dette,O
ikke,O
skaper,O
noe,O
godt,O
,
vi,O
så,O
med,O
gjengprosjektet,O
at,O
det,O
tok,O
fem,O
seks,O
år,O
og,O
ca.,O
40,O
årsverk,O
per,O
år,O
å,O
komme,O
inn,O
på,O
livet,O
av,O
av,O
de,O
daværende,O
dominerende,O
gjengene,O
som,O
særlig,O
var,O
B-gjengmiljøet,B-ORG
i,O
Oslo,B-GPE_LOC
fram,O
til,O
2011,O
,
ja,O
jeg,O
vil,O
gjerne,O
stille,O
følgende,O
spørsmål,O
til,O
justis-,O
og,O
beredskaps-,O
og,O
innvandringsministeren,O
,
planlegging,O
og,O
gjennomføring,O
av,O
undervisning,O
og,O
evaluering,O
og,O
tilbakemeldinger,O
av,O
elevarbeid,O
skal,O
være,O
læreren,O
sitt,O
hovedoppgave,O
,
og,O
derfor,O
vil,O
jeg,O
gi,O
honnør,O
til,O
Høyre,B-ORG
som,O
tar,O
ordet,O
og,O
forklarer,O
hvorfor,O
de,O
mener,O
den,O
foreslåtte,O
økninga,O
i,O
godtgjørelsen,O
for,O
Stortingets,B-ORG
representanter,O
er,O
riktig,O
,
skal,O
trygghetskrav,O
ha,O
ønsket,O
effekt,O
så,O
må,O
de,O
jo,O
iverksettes,O
og,O
praktiseres,O
i,O
det,O
konkrete,O
sikkerhetsarbeidet,O
,
jeg,O
kan,O
jo,O
vanskelig,O
se,O
at,O
det,O
er,O
gode,O
grunner,O
at,O
til,O
at,O
man,O
skal,O
åpne,O
opp,O
for,O
at,O
aktører,O
som,O
de,O
skal,O
få,O
et,O
fotfeste,O
i,O
det,O
norske,O
markedet,O
all,O
den,O
tid,O
tilgangen,O
på,O
at,O
kreditt,O
må,O
sies,O
å,O
kunne,O
være,O
ganske,O
god,O
,
komiteen,O
anbefaler,O
på,O
bakgrunn,O
av,O
dette,O
at,O
Stortinget,B-ORG
samtykker,O
til,O
godkjenning,O
av,O
protokollen,O
om,O
Montenegros,B-GPE_ORG
tiltredelse,O
til,O
NATO,B-ORG
,
ærede,O
president,O
finansmarkedene,O
er,O
en,O
stor,O
del,O
av,O
norsk,O
økonomi,O
og,O
leverer,O
tjenester,O
som,O
er,O
viktige,O
i,O
folks,O
liv,O
,
Kjenseth,B-PER
,
kan,O
representanten,O
Helleland,B-PER
forklare,O
Stortinget,B-ORG
korleis,O
reduksjon,O
i,O
arbeidsmarknadstiltak,O
underfinansiering,O
av,O
sjukehus,O
skal,O
bidra,O
til,O
å,O
få,O
fleire,O
unge,O
uføre,O
inn,O
igjen,O
i,O
arbeidslivet,O
,
undersøkelsen,O
syner,O
at,O
Statens,B-ORG
vegvesen,I-ORG
i,O
altfor,O
mange,O
tilfelle,O
ikkje,O
har,O
god,O
nok,O
oppfølging,O
av,O
tryggheten,O
,
hvis,O
jeg,O
sa,O
at,O
nå,O
har,O
vi,O
gjort,O
nok,O
nå,O
gjør,O
vi,O
ikke,O
mer,O
så,O
hadde,O
jeg,O
forstått,O
kritikken,O
,
hva,O
er,O
viktig,O
for,O
deg,O
,
men,O
så,O
er,O
det,O
òg,O
viktig,O
for,O
oss,O
å,O
satse,O
på,O
på,O
reduserte,O
skatter,O
som,O
jeg,O
nevnte,O
i,O
innlegget,O
mitt,O
på,O
historisk,O
satsing,O
på,O
samferdsel,O
fordi,O
at,O
det,O
handler,O
om,O
at,O
de,O
som,O
vi,O
utdanner,O
i,O
dag,O
de,O
skal,O
ha,O
en,O
jobb,O
å,O
gå,O
til,O
i,O
framtida,O
,
det,O
kan,O
tenkes,O
at,O
en,O
kan,O
noen,O
kan,O
tenke,O
seg,O
å,O
ønske,O
å,O
rokke,O
ved,O
den,O
framover,O
,
bl.a.,O
Telemark,B-ORG
Kildevann,I-ORG
som,O
har,O
sagt,O
opp,O
halvparten,O
av,O
arbeidsstokken,O
sin,O
,
statsråd,O
Amundsen,B-PER
,
det,O
å,O
vite,O
at,O
når,O
vi,O
har,O
løfta,O
utdanning,O
jenter,O
kvinners,O
rettigheter,O
globalt,O
så,O
har,O
det,O
vært,O
et,O
relativt,O
samla,O
storting,O
som,O
står,O
bak,O
,
det,O
betyr,O
etter,O
min,O
erfaring,O
at,O
det,O
er,O
blitt,O
færre,O
,
og,O
så,O
er,O
det,O
slett,O
ikke,O
sånn,O
at,O
tjuetjue-målene,O
er,O
oppgitt,O
men,O
det,O
er,O
fryktelig,O
vanskelig,O
å,O
nå,O
de,O
,
det,O
er,O
riktig,O
det,O
at,O
en,O
må,O
legge,O
vesentlig,O
vekt,O
på,O
det,O
som,O
partene,O
går,O
inn,O
for,O
og,O
partene,O
her,O
er,O
jo,O
i,O
hovedsak,O
NHO,B-ORG
og,O
LO,B-ORG
,
altså,O
vårt,O
land,O
er,O
veldig,O
mangfoldig,O
,
denne,O
brannen,O
må,O
vi,O
slukke,O
og,O
vi,O
må,O
begynne,O
å,O
restaurere,O
en,O
del,O
av,O
de,O
områdene,O
som,O
er,O
ødelagt,O
,
nei,O
det,O
ligger,O
ikke,O
ei,O
stortingsmelding,O
men,O
det,O
ligger,O
en,O
nordområdestrategi,O
der,O
vi,O
sammenholder,O
de,O
den,O
politikken,O
vi,O
har,O
ført,O
helt,O
riktig,O
som,O
representant,O
Hareide,B-PER
sier,O
fra,O
Bondevik,B-PER
to,O
da,O
vi,O
dro,O
opp,O
linjene,O
med,O
hvorfor,O
Arktis,B-LOC
blir,O
mere,O
vann,O
mer,O
relevant,O
i,O
i,O
en,O
geopolitisk,O
sammenheng,O
da,O
vi,O
der,O
vi,O
dro,O
opp,O
linjene,O
og,O
visjonene,O
i,O
forhold,O
til,O
næringsutvikling,O
og,O
nye,O
former,O
for,O
for,O
industri,O
i,O
nord,O
der,O
vi,O
dro,O
opp,O
linjene,O
i,O
forhold,O
til,O
behov,O
for,O
for,O
infrastruktur,O
,
det,O
mener,O
jeg,O
er,O
veldig,O
bra,O
og,O
det,O
mener,O
jeg,O
viser,O
at,O
innretningen,O
på,O
skatte-,O
og,O
avgiftspolitikken,O
har,O
vært,O
grunnleggende,O
sosial,O
,
Steffensen,B-PER
vær,O
så,O
god,O
,
verden,O
forandrer,O
seg,O
,
president,O
som,O
alltid,O
er,O
det,O
usikkerhet,O
knyttet,O
til,O
utviklingen,O
fremover,O
,
så,O
har,O
eg,O
eit,O
representantforslag,O
frå,O
stortingsrepresentantane,O
Janne,B-PER
Sjelmo,I-PER
Nordås,I-PER
Per,B-PER
Olaf,I-PER
Lundteigen,I-PER
og,O
meg,O
sjøl,O
om,O
oppfølging,O
av,O
Kvinnsland-utvalets,B-DRV
rapport,O
og,O
erstatta,O
helseføretakslova,O
med,O
ein,O
helseforvaltningslov,O
og,O
innføra,O
folkevald,O
styring,O
og,O
stedlig,O
ledelse,O
av,O
norske,O
sjukehus,O
,
ja,O
president,O
jeg,O
har,O
ikke,O
lyst,O
til,O
og,O
så,O
forskuttere,O
,
men,O
jeg,O
vil,O
gjerne,O
understreke,O
at,O
betydningen,O
av,O
det,O
det,O
ansvar,O
det,O
det,O
objektive,O
ansvaret,O
som,O
enhver,O
aktør,O
som,O
driver,O
virksomhet,O
av,O
denne,O
typen,O
har,O
,
hvorfor,O
vil,O
statsråden,O
som,O
også,O
er,O
partileder,O
Fremskrittspartiet,B-ORG
kutte,O
i,O
skole,O
eldreomsorg,O
for,O
å,O
de,O
gi,O
milliarder,O
i,O
skattekutt,O
til,O
landets,O
rikeste,O
,
vi,O
starter,O
på,O
flere,O
store,O
investeringer,O
i,O
nytt,O
og,O
moderne,O
materiell,O
for,O
å,O
bygge,O
et,O
forsvar,O
som,O
skal,O
kunne,O
møte,O
dagens,O
og,O
morgendagens,O
trusselbilde,O
,
boligprisene,O
varierer,O
betydelig,O
mellom,O
regionene,O
,
,
,
,
,
,
,
,
,
,
,
,
,
,
,
,
,
,
sånn,O
går,O
det,O
når,O
en,O
man,O
har,O
et,O
håp,O
om,O
at,O
en,O
endring,O
skal,O
skape,O
nye,O
arbeidsplasser,O
men,O
ikke,O
tar,O
seg,O
bryet,O
med,O
å,O
utrede,O
fakta,O
,
og,O
det,O
vil,O
da,O
bli,O
holdt,O
skriftlig,O
avstemning,O
,
statsråd,O
Jensen,B-PER
,
det,O
har,O
vi,O
også,O
gitt,O
uttrykk,O
for,O
til,O
tyrkiske,O
myndigheter,O
,
og,O
vi,O
ser,O
nå,O
at,O
at,O
nettopp,O
den,O
usikkerheten,O
som,O
har,O
vært,O
rundt,O
en,O
rekke,O
av,O
de,O
mindre,O
sykehus,O
er,O
nå,O
avklart,O
,
det,O
kan,O
handle,O
om,O
nye,O
teknologiske,O
løysinger,O
eller,O
enkle,O
fysiske,O
tiltak,O
,
Rotevatn,B-PER
,
president,O
dette,O
er,O
uakseptabelt,O
,
vi,O
har,O
altså,O
ulike,O
organisasjoner,O
med,O
ulike,O
vurderinger,O
ulike,O
prioriteringer,O
,
statsråd,O
Mæland,B-PER
,
så,O
er,O
det,O
hundre,O
og,O
nittien,O
i,O
referatene,O
,
flere,O
aktører,O
har,O
begynt,O
å,O
stille,O
spørsmål,O
om,O
det,O
er,O
det,O
lykkelige,O
livet,O
å,O
forbruke,O
mer,O
,
statsråd,O
Helgesen,B-PER
,
,
,
jeg,O
tror,O
det,O
skjer,O
hver,O
gang,O
der,O
er,O
FOT-ruter,B-DRV
på,O
ute,O
på,O
anbud,O
fordi,O
at,O
vi,O
har,O
eksterne,O
fagfolk,O
som,O
går,O
gjennom,O
og,O
ser,O
på,O
hvordan,O
har,O
reisestrømmene,O
endra,O
seg,O
siden,O
forrige,O
gang,O
,
president,O
fire,O
år,O
har,O
snart,O
gått,O
,
målet,O
vårt,O
det,O
må,O
jo,O
vera,O
at,O
vi,O
brukar,O
tinga,O
våre,O
lenger,O
og,O
at,O
vi,O
brukar,O
tinga,O
våre,O
om,O
att,O
,
jeg,O
sender,O
i,O
dag,O
et,O
brev,O
til,O
alle,O
offentlige,O
innkjøpere,O
hvor,O
jeg,O
gjør,O
oppmerksom,O
på,O
det,O
nye,O
regelverket,O
oppfordrer,O
til,O
å,O
sette,O
seg,O
inn,O
i,O
det,O
,
men,O
den,O
tar,O
opp,O
i,O
seg,O
viktige,O
distriktsutfordringer,O
som,O
vi,O
skal,O
ta,O
på,O
alvor,O
,
og,O
jeg,O
er,O
veldig,O
enig,O
i,O
den,O
understrekingen,O
statsråden,O
har,O
av,O
hvor,O
viktig,O
dette,O
er,O
sett,O
i,O
sett,O
i,O
lys,O
av,O
utviklingen,O
i,O
verden,O
hvor,O
hvor,O
det,O
er,O
økt,O
innflytelse,O
også,O
hos,O
oss,O
fra,O
kulturer,O
hvor,O
antisemittisme,O
er,O
mer,O
forekommende,O
,
og,O
her,O
forsøker,O
en,O
òg,O
å,O
ta,O
æra,O
for,O
økte,O
inntekter,O
for,O
kommunene,O
når,O
en,O
vesentlig,O
del,O
av,O
de,O
økte,O
inntektene,O
handler,O
om,O
ekstraordinære,O
skatteinntekter,O
bl.a.,O
som,O
ei,O
tilpasning,O
til,O
skattereformen,O
,
ja,O
president,O
som,O
jeg,O
har,O
vært,O
inne,O
på,O
så,O
var,O
altså,O
situasjonen,O
at,O
den,O
veldige,O
økningen,O
i,O
kostnadene,O
gjorde,O
at,O
vi,O
ikke,O
fant,O
rom,O
for,O
genbanken,O
i,O
budsjettet,O
,
andelen,O
leiejord,O
er,O
høy,O
i,O
hele,O
landet,O
,
president,O
vil,O
statsråden,O
støtte,O
å,O
gjennomføre,O
ei,O
avstemming,O
om,O
sammenslåing,O
av,O
Troms,B-GPE_LOC
og,I-GPE_LOC
Finnmark,I-GPE_LOC
,
at,O
vi,O
nå,O
har,O
òg,O
kommet,O
med,O
en,O
kommunehelsetjenestelov,O
som,O
stiller,O
krav,O
til,O
kompetanse,O
mot,O
Arbeiderpartiet,B-ORG
sine,O
stemmer,O
,
og,O
det,O
er,O
en,O
jobb,O
å,O
gjøre,O
,
målet,O
vårt,O
med,O
forslaget,O
har,O
vore,O
å,O
løfte,O
to,O
sentrale,O
rettshistoriske,O
prinsipp,O
inn,O
i,O
Grunnloven,B-PROD
i,O
ein,O
tid,O
der,O
desse,O
sedvanane,O
utfordrast,O
,
,
,
og,O
så,O
må,O
jeg,O
da,O
med,O
en,O
viss,O
forskrekkelse,O
konstatere,O
at,O
statsråden,O
ikke,O
vil,O
bekrefte,O
at,O
å,O
slutte,O
å,O
slippe,O
ut,O
plastforsøpling,O
er,O
et,O
mål,O
for,O
denne,O
regjeringen,O
,
anerkjenner,O
ministeren,O
mediemangfoldsutvalgets,O
konklusjon,O
om,O
at,O
det,O
haster,O
,
likevel,O
så,O
gjer,O
fiskeriministeren,O
alt,O
han,O
kan,O
for,O
å,O
undergrave,O
denne,O
lova,O
,
men,O
spørsmålet,O
mitt,O
egentlig,O
går,O
til,O
Aasrud,B-PER
er,O
når,O
Posten,B-ORG
sier,O
i,O
klartekst,O
at,O
denne,O
avgiften,O
ikke,O
kan,O
innføres,O
fra,O
1.8.,O
og,O
man,O
også,O
legger,O
til,O
grunn,O
at,O
det,O
er,O
ikke,O
mulig,O
å,O
ha,O
en,O
inndekning,O
på,O
de,O
100,O
millionene,O
som,O
Arbeiderpartiet,B-ORG
legger,O
opp,O
til,O
hva,O
er,O
det,O
egentlig,O
Arbeiderpartiet,B-ORG
vet,O
bedre,O
enn,O
Posten,B-ORG
som,O
gjør,O
at,O
de,O
allikevel,O
kan,O
foreslå,O
en,O
slik,O
inndekning,O
,
pleierne,O
har,O
uttalt,O
at,O
de,O
er,O
mer,O
fornøyde,O
fordi,O
de,O
får,O
robb,O
jobbe,O
i,O
ro,O
uten,O
kutt,O
og,O
er,O
mer,O
positive,O
til,O
hverdagen,O
,
det,O
avvikes,O
ikke,O
så,O
mye,O
fra,O
forslaget,O
fra,O
Høyre,B-ORG
FrP,B-ORG
og,O
KrF,B-ORG
så,O
vi,O
vil,O
stemme,O
subsidiært,O
for,O
forslag,O
nummer,O
én,O
når,O
vi,O
ikke,O
får,O
forslag,O
for,O
vår,O
del,O
i,O
innstillinga,O
,
men,O
la,O
meg,O
ta,O
noe,O
av,O
det,O
han,O
har,O
sagt,O
,
i,O
motsetning,O
til,O
væpna,O
konflikt,O
så,O
vil,O
et,O
eventuelt,O
terroranslag,O
med,O
bruk,O
av,O
giftige,O
gasser,O
virus,O
radioaktiv,O
stråling,O
med,O
mer,O
sannsynligvis,O
ikke,O
bli,O
varsla,O
på,O
forhånd,O
,
gode,O
president,O
,
Portugal,B-GPE_ORG
hadde,O
en,O
særdeles,O
store,O
utfordringer,O
i,O
antall,O
rusmisbrukere,O
og,O
selv,O
etter,O
at,O
de,O
har,O
begynt,O
å,O
bruke,O
enorme,O
ressurser,O
til,O
denne,O
her,O
reformen,O
så,O
har,O
Portugal,B-GPE_ORG
selv,O
i,O
dag,O
president,O
et,O
atskillig,O
større,O
problem,O
enn,O
Norge,B-GPE_ORG
har,O
,
når,O
det,O
gjeld,O
grov,O
vald,O
så,O
blei,O
straffa,O
økt,O
med,O
ein,O
tredjedel,O
,
men,O
når,O
det,O
er,O
avgiftsøkninger,O
som,O
kjem,O
til,O
som,O
sjokk,O
som,O
rammer,O
norske,O
arbeidsplasser,O
og,O
norske,O
forbrukere,O
eller,O
sånn,O
som,O
en,O
gjorde,O
i,O
2014,O
å,O
øke,O
ifra,O
200,O
kroner,O
som,O
det,O
var,O
før,O
350,O
kroner,O
som,O
var,O
en,O
rein,O
ytterligere,O
subsidiering,O
av,O
utenlandske,O
aktører,O
da,O
gjorde,O
en,O
det,O
fullstendig,O
uten,O
dialog,O
med,O
bransjen,O
gjennom,O
en,O
kort,O
omtale,O
i,O
statsbudsjettet,O
,
og,O
min,O
anbefaling,O
ville,O
være,O
at,O
statsråden,O
nå,O
tar,O
saken,O
på,O
alvor,O
reiser,O
opp,O
og,O
snakker,O
med,O
finnmarkingene,O
og,O
de,O
det,O
gjelder,O
og,O
setter,O
seg,O
ordentlig,O
inn,O
i,O
saken,O
,
vi,O
kommer,O
til,O
å,O
gjøre,O
grundige,O
vurderinger,O
,
felles,O
utfordringer,O
geografisk,O
nærhet,O
felles,O
historie,O
tradisjoner,O
språk,O
kultur,O
og,O
verdier,O
gir,O
et,O
solid,O
utgangspunkt,O
for,O
samarbeid,O
,
Slagsvold,B-PER
Vedum,I-PER
,
land,O
der,O
forskjellene,O
er,O
små,O
og,O
sikkerhetsnettet,O
godt,O
gjør,O
det,O
bedre,O
,
eg,O
tenker,O
at,O
det,O
er,O
mulig,O
å,O
sjå,O
for,O
seg,O
ei,O
utvikling,O
der,O
iallfall,O
ein,O
del,O
heimehjelpstenester,O
kan,O
bli,O
supplert,O
eller,O
t.o.m.,O
erstatta,O
av,O
delingsmodelløysingar,O
f.eks.,O
tilbydarar,O
av,O
måltid,O
reinhald,O
transporttenester,O
med,O
meir,O
,
jeg,O
mener,O
det,O
er,O
tall,O
vi,O
ikke,O
skal,O
si,O
oss,O
fornøyd,O
med,O
,
nei,O
president,O
det,O
kan,O
ikke,O
regjeringen,O
ha,O
ansvaret,O
for,O
,
men,O
la,O
det,O
nå,O
ligge,O
,
til,O
behandling,O
foreligger,O
de,O
saker,O
som,O
er,O
oppført,O
på,O
dagsorden,O
nummer,O
71,O
,
president,O
noe,O
av,O
det,O
første,O
jeg,O
gjorde,O
jeg,O
tror,O
faktisk,O
det,O
var,O
i,O
desember,O
2013,O
det,O
var,O
å,O
reise,O
til,O
Sverige,B-GPE_LOC
for,O
å,O
diskutere,O
denne,O
tematikken,O
,
det,O
skal,O
vi,O
sørge,O
for,O
òg,O
i,O
Finnmark,B-GPE_LOC
,
takk,O
,
aller,O
viktigst,O
er,O
forslaget,O
om,O
ytterligere,O
lettelser,O
i,O
skattesatsen,O
på,O
alminnelig,O
inntekt,O
for,O
selskap,O
og,O
personer,O
,
det,O
er,O
faktisk,O
regjeringen,O
her,O
som,O
har,O
et,O
hovedansvar,O
og,O
det,O
skal,O
Arbeiderpartiet,B-ORG
sørge,O
for,O
å,O
påpeke,O
i,O
året,O
som,O
kommer,O
,
dette,O
rammer,O
også,O
de,O
svakeste,O
blant,O
oss,O
,
og,O
mener,O
statsråden,O
at,O
det,O
er,O
tilstrekkelig,O
utreda,O
og,O
synliggjort,O
i,O
proposisjonen,O
som,O
er,O
lagt,O
fram,O
,
så,O
korfor,O
er,O
det,O
så,O
viktig,O
å,O
få,O
med,O
nedfelt,O
desse,O
to,O
prinsippa,O
i,O
Grunnloven,B-PROD
i,O
dag,O
,
ærede,O
president,O
i,O
denne,O
perioden,O
så,O
har,O
Venstre,B-ORG
KrF,B-ORG
og,O
regjeringen,O
bevilga,O
fem,O
millioner,O
kroner,O
til,O
studentsamskipnadene,O
for,O
å,O
gjøre,O
tiltak,O
for,O
å,O
bedre,O
studentene,O
si,O
psykiske,O
helse,O
,
det,O
samme,O
har,O
Klemetsrud,B-PER
med,O
sitt,O
forbrenningsanlegg,O
,
takk,O
president,O
det,O
er,O
godt,O
at,O
statsråden,O
står,O
for,O
mitt,O
spørsmål,O
går,O
til,O
helsestatsråden,O
,
at,O
en,O
dom,O
etter,O
behandling,O
i,O
gjenopptagelseskommisjonen,O
er,O
avgjort,O
til,O
tiltaltes,O
ugunst,O
har,O
etter,O
hva,O
komiteen,O
kjenner,O
til,O
bare,O
skjedd,O
i,O
ett,O
tilfelle,O
,
presidenten,O
refererer,O
bare,O
sakens,O
nummer,O
og,O
forslag,O
til,O
vedtak,O
,
,
ja,O
takk,O
neste,O
taler,O
er,O
statsråd,O
Per-Willy,B-PER
Amundsen,I-PER
,
takk,O
president,O
,
det,O
er,O
det,O
ingen,O
av,O
oss,O
egentlig,O
som,O
ønsker,O
å,O
ha,O
tror,O
jeg,O
,
første,O
oppfølgingsspørsmål,O
er,O
fra,O
representanten,O
Hans,B-PER
Fredrik,I-PER
Grøvan,I-PER
,
,
,
,
,
,
,
,
,
,
,
,
,
,
,
,
,
,
,
,
Myhrvold,B-PER
vær,O
så,O
god,O
,
i,O
dette,O
tilfellet,O
er,O
det,O
begrunnet,O
med,O
at,O
man,O
har,O
mangel,O
på,O
samarbeid,O
og,O
mangel,O
på,O
tillit,O
slik,O
at,O
medlemsorganisasjoner,O
har,O
meldt,O
seg,O
ut,O
,
man,O
har,O
tilskrevet,O
Forsvarsdepartementet,B-ORG
og,O
selvfølgelig,O
også,O
EOS-utvalget,B-DRV
,
men,O
president,O
egentlig,O
var,O
ikke,O
mitt,O
formål,O
heller,O
å,O
gå,O
ned,O
i,O
alle,O
budsjettkuttene,O
og,O
de,O
skal,O
vi,O
ta,O
i,O
budsjettdebatten,O
men,O
det,O
er,O
mer,O
det,O
det,O
prinsipielle,O
overordna,O
fordi,O
at,O
det,O
er,O
au,O
som,O
statsministeren,O
var,O
inne,O
på,O
en,O
balanse,O
mellom,O
,
når,O
ulykken,O
rammer,O
skal,O
likevel,O
ingen,O
kommuner,O
eller,O
fylkeskommuner,O
bli,O
stående,O
alene,O
med,O
store,O
kostnader,O
etter,O
flom,O
og,O
uvær,O
,
uenigheten,O
dreier,O
seg,O
i,O
realiteten,O
om,O
omfanget,O
president,O
,
hva,O
er,O
utenriksministerens,O
reaksjon,O
på,O
Tyrkias,B_GPE_ORG
angrep,O
på,O
Afrin,B_GPE_ORG
,
ja,O
president,O
for,O
det,O
første,O
så,O
er,O
det,O
sant,O
at,O
det,O
som,O
er,O
viktig,O
i,O
den,O
type,O
planer,O
er,O
jo,O
å,O
ha,O
en,O
veldig,O
avklart,O
forståelse,O
for,O
hvilke,O
kompetanse,O
så,O
finnes,O
på,O
de,O
ulike,O
sykehusene,O
,
president,O
regjeringen,O
ser,O
alvorlig,O
på,O
tallene,O
ifra,O
SSB,B-ORG
som,O
viser,O
at,O
antall,O
barn,O
som,O
lever,O
i,O
fattige,O
familier,O
med,O
vedvarende,O
lav,O
inntekt,O
øker,O
,
det,O
er,O
like,O
lite,O
riktig,O
som,O
når,O
representanten,O
Arnstad,B-PER
gir,O
inntrykk,O
av,O
at,O
at,O
at,O
det,O
satses,O
lite,O
på,O
breibånd,O
i,O
distriktene,O
,
jeg,O
må,O
nok,O
si,O
at,O
jeg,O
også,O
rynker,O
litt,O
på,O
nesa,O
over,O
at,O
man,O
ikke,O
har,O
jobba,O
fram,O
litt,O
bedre,O
måter,O
å,O
ivareta,O
troverdigheten,O
til,O
rådet,O
på,O
som,O
jeg,O
mener,O
er,O
litt,O
skakkjørt,O
om,O
dagen,O
som,O
f.eks.,O
at,O
rådet,O
i,O
mindre,O
grad,O
enn,O
nå,O
skal,O
gå,O
så,O
altfor,O
detaljert,O
inn,O
i,O
NRKs,B-ORG
uavhengige,O
journalistikk,O
eller,O
at,O
det,O
ja,O
de,O
burde,O
jobba,O
litt,O
mer,O
at,O
det,O
blir,O
tydeligere,O
hva,O
rådets,O
rolle,O
er,O
i,O
forhold,O
til,O
Pressens,B-ORG
Faglige,I-ORG
Utvalg,I-ORG
,
de,O
første,O
planene,O
for,O
et,O
et,O
nybygg,O
ble,O
framlagt,O
på,O
nittenåtti-tallet,O
,
plasten,O
er,O
et,O
stort,O
problem,O
,
skal,O
vi,O
klare,O
å,O
vise,O
at,O
vi,O
tar,O
på,O
alvor,O
det,O
arktiske,O
arbeidet,O
og,O
utviklingsmulighetene,O
må,O
vi,O
òg,O
vise,O
at,O
vi,O
gjør,O
en,O
god,O
jobb,O
på,O
eget,O
område,O
,
finansministeren,O
var,O
nylig,O
på,O
besøk,O
i,O
Rogaland,B-GPE_LOC
hvor,O
næringslivet,O
og,O
Nav,B-ORG
kunne,O
melde,O
om,O
økende,O
optimisme,O
,
Venstre,B-ORG
er,O
et,O
liberalt,O
parti,O
og,O
lytter,O
alltid,O
til,O
argumenter,O
om,O
rettssikkerhet,O
,
helsehjelp,O
for,O
eldre,O
er,O
én,O
av,O
hovedsakene,O
i,O
reformen,O
og,O
forebyggende,O
helsearbeid,O
er,O
et,O
sentralt,O
tema,O
i,O
denne,O
sammenhengen,O
,
vår,O
velstand,O
er,O
i,O
stor,O
grad,O
basert,O
på,O
betydelig,O
bidrag,O
til,O
CO2-utslipp,O
til,O
atmosfæren,O
gjennom,O
mange,O
tiår,O
,
statsråd,O
Michaelsen,B-PER
,
de,O
de,O
som,O
er,O
imot,O
reiser,O
,
Andersen,B-PER
ver,O
så,O
god,O
,
på,O
sjukehusa,O
slik,O
at,O
fleire,O
pasientar,O
kan,O
bli,O
behandla,O
,
,
,
det,O
er,O
etablert,O
referansegruppe,O
for,O
nærings,O
og,O
arbeidslivsspørsmål,O
egen,O
referansegruppe,O
for,O
fiskerispørsmål,O
,
og,O
jeg,O
er,O
veldig,O
stolt,O
av,O
at,O
vi,O
fra,O
de,O
fire,O
borgerlige,O
partiene,O
har,O
greid,O
å,O
fått,O
tidenes,O
innsats,O
mot,O
tidlig,O
i,O
barnetrinnet,O
,
ja,O
president,O
det,O
er,O
riktig,O
at,O
dette,O
spørsmålet,O
i,O
vid,O
forstand,O
har,O
vore,O
utredet,O
og,O
på,O
generelt,O
grunnlag,O
så,O
tok,O
jo,O
Stortinget,B-ORG
stilling,O
til,O
spørsmålet,O
i,O
fjor,O
,
aktivitetstilbud,O
kan,O
bidra,O
til,O
gode,O
og,O
meiningsfulle,O
opplevelser,O
for,O
den,O
enkelte,O
og,O
avlastning,O
til,O
pårørende,O
som,O
ofte,O
er,O
i,O
krevende,O
situasjoner,O
,
deretter,O
Solfrid,B-PER
Lerbrekk,I-PER
,
du,O
får,O
ytterligere,O
50000,O
hvis,O
du,O
søker,O
deg,O
inn,O
mot,O
barnetrinnet,O
der,O
det,O
er,O
viktig,O
å,O
sikre,O
rekruttering,O
og,O
så,O
får,O
du,O
50000,O
hvis,O
du,O
tar,O
en,O
jobb,O
i,O
Nord-Norge,B-GPE_LOC
etter,O
endt,O
utdanning,O
,
det,O
første,O
gjelder,O
beskatning,O
av,O
utenlandske,O
arbeidere,O
som,O
skal,O
kunne,O
velge,O
en,O
forenklet,O
skatteordning,O
med,O
25 %,O
skatt,O
uten,O
fradrag,O
opp,O
til,O
et,O
visst,O
nivå,O
,
så,O
store,O
og,O
prinsipielle,O
spørsmål,O
som,O
å,O
heve,O
straffenivået,O
Noreg,B-GPE_ORG
frå,O
21,O
til,O
26,O
års,O
fengsel,O
sjøl,O
om,O
det,O
kun,O
er,O
for,O
ein,O
del,O
forbrytelser,O
må,O
og,O
bør,O
få,O
ein,O
grundig,O
behandling,O
ikkje,O
berre,O
av,O
regjeringa,O
men,O
også,O
av,O
Stortinget,B-ORG
,
da,O
går,O
vi,O
videre,O
på,O
hovedspørsmål,O
og,O
neste,O
hovedspørsmål,O
er,O
fra,O
Knut,B-PER
Arild,I-PER
Hareide,I-PER
,
det,O
blir,O
som,O
å,O
investere,O
i,O
en,O
butikk,O
eller,O
en,O
fabrikk,O
,
faste,O
hele,O
stillinger,O
gir,O
frihet,O
og,O
trygghet,O
men,O
tidligere,O
i,O
år,O
kunne,O
vi,O
lese,O
at,O
bare,O
28 %,O
av,O
helsefagarbeiderstillingene,O
som,O
ble,O
lyst,O
ut,O
på,O
Finn.no,B-MISC
i,O
fjor,O
var,O
heltidsstillinger,O
,
når,O
vil,O
helikoptra,O
være,O
på,O
plass,O
Og,O
når,O
kjem,O
de,O
nødvendige,O
investeringene,O
for,O
til,O
IKT,O
i,O
politiet,O
,
takk,O
for,O
det,O
president,O
,
rapporten,O
fra,O
Nasjonalt,B-ORG
kunnskapssenter,I-ORG
om,O
vold,O
og,O
traumatisk,O
stress,O
er,O
et,O
viktig,O
kunnskapsgrunnlag,O
når,O
vi,O
nå,O
skal,O
videreutvikle,O
hjelpetjenestene,O
særlig,O
siden,O
så,O
få,O
av,O
de,O
voldsutsatte,O
har,O
vært,O
i,O
kontakt,O
med,O
hjelpeapparatet,O
eller,O
anmeldt,O
forholdene,O
,
Mossleth,B-PER
,
eg,O
vil,O
visa,O
til,O
at,O
i,O
2014,O
så,O
blei,O
det,O
satt,O
ned,O
eit,O
offentleg,O
utval,O
som,O
fekk,O
i,O
oppgåve,O
å,O
analysere,O
og,O
vurdere,O
kva,O
endringar,O
som,O
er,O
nødvendige,O
for,O
å,O
sikre,O
oppfyllelsen,O
av,O
grunnleggande,O
rettigheter,O
til,O
menneske,O
med,O
utviklingshemming,O
,
og,O
og,O
jeg,O
er,O
jo,O
også,O
vi,O
stemte,O
for,O
og,O
er,O
positive,O
til,O
den,O
særlige,O
satsingen,O
i,O
Oslo,B-GPE_LOC
sør,O
med,O
30,O
millioner,O
der,O
hvor,O
det,O
har,O
vokst,O
fram,O
et,O
farlig,O
offensivt,O
gjengmiljø,O
som,O
som,O
også,O
er,O
jobber,O
rundt,O
i,O
hele,O
byen,O
sånn,O
at,O
det,O
handler,O
ikke,O
bare,O
om,O
Oslo,B-GPE_LOC
sør,O
,
den,O
norske,O
finansnæringen,O
har,O
vært,O
tidlig,O
ute,O
med,O
digitale,O
tjenester,O
og,O
regjeringen,O
vil,O
legge,O
til,O
rette,O
for,O
fortsatt,O
høy,O
innovasjonstakt,O
,
i,O
går,O
så,O
snakka,O
jeg,O
med,O
en,O
mann,O
og,O
en,O
filippinsk,O
dame,O
med,O
filippinsk,O
sykepleierutdanning,O
som,O
var,O
så,O
fortvila,O
at,O
det,O
ikke,O
gikk,O
an,O
å,O
legge,O
på,O
en,O
norsk,O
del,O
oppå,O
en,O
sånn,O
type,O
utdanning,O
,
vi,O
premierer,O
de,O
selskapene,O
som,O
er,O
energi-,O
og,O
ressurseffektive,O
og,O
så,O
skatter,O
vi,O
de,O
mer,O
på,O
de,O
som,O
bruker,O
mye,O
,
og,O
det,O
gjelder,O
også,O
i,O
miljøpolitikken,O
,
og,O
spørsmålet,O
er,O
om,O
kva,O
ministeren,O
tenkjer,O
i,O
so,O
måte,O
,
men,O
det,O
er,O
altså,O
en,O
samla,O
komité,O
som,O
støtter,O
kravet,O
om,O
å,O
få,O
vite,O
mer,O
om,O
hvordan,O
dette,O
kan,O
gjøres,O
og,O
som,O
i,O
dag,O
inviterer,O
Stortinget,B-ORG
til,O
å,O
gjøre,O
et,O
vedtak,O
om,O
å,O
be,O
regjeringa,O
utrede,O
ulike,O
modeller,O
for,O
utjevning,O
av,O
nettariffer,O
i,O
Norge,B-GPE_LOC
og,O
komme,O
tilbake,O
til,O
Stortinget,B-ORG
med,O
en,O
sak,O
i,O
løpet,O
av,O
høsten,O
,
,
,
derfor,O
starta,O
regjeringen,O
allerede,O
i,O
2014,O
et,O
prosjekt,O
sammen,O
med,O
KS,B-ORG
om,O
å,O
fjerne,O
tidstyver,O
og,O
redusere,O
mengden,O
dokumentasjon,O
og,O
rapportering,O
i,O
skolen,O
,
eg,O
meiner,O
jo,O
at,O
det,O
fremstend,O
noko,O
rart,O
å,O
ikkje,O
ville,O
ta,O
til,O
motmæle,O
mot,O
noko,O
som,O
ein,O
kanskje,O
openbert,O
t.o.m.,O
er,O
i,O
mot,O
da,O
slik,O
det,O
høyrest,O
ut,O
sjøl,O
om,O
det,O
er,O
eit,O
utkast,O
,
Rødt,B-ORG
er,O
faktisk,O
enig,O
i,O
at,O
det,O
kan,O
trenges,O
en,O
forenkling,O
i,O
skatteordningen,O
for,O
utenlandske,O
arbeidstakere,O
på,O
midlertidig,O
opphold,O
,
men,O
så,O
må,O
vi,O
da,O
jobbe,O
med,O
resultatene,O
fra,O
konseptstudiene,O
gå,O
igjennom,O
og,O
se,O
hvordan,O
dette,O
skal,O
fases,O
inn,O
og,O
nettopp,O
da,O
velge,O
om,O
vi,O
skal,O
ha,O
en,O
tre,O
,
bestialsk,O
terror,O
med,O
mål,O
om,O
å,O
drepe,O
flest,O
mulig,O
sivile,O
er,O
blitt,O
en,O
del,O
av,O
den,O
nye,O
hverdagen,O
mange,O
steder,O
,
de,O
landene,O
vi,O
foreløpig,O
har,O
vært,O
i,O
dialog,O
med,O
knytta,O
til,O
dette,O
konkrete,O
forslaget,O
er,O
Sverige,B-GPE_ORG
Belgia,B-GPE_ORG
Tyskland,B-GPE_ORG
Nederland,B-GPE_ORG
Østerrike,B-GPE_ORG
Tsjekkia,B-GPE_ORG
Danmark,B-GPE_ORG
og,O
Estland,B-GPE_ORG
som,O
alle,O
gir,O
klare,O
tilbakemeldinger,O
på,O
at,O
de,O
uttrykker,O
skepsis,O
til,O
det,O
forslaget,O
som,O
er,O
framsatt,O
,
der,O
knyttes,O
de,O
her,O
i,O
hop,O
,
altså,O
alle,O
dei,O
alle,O
den,O
fantastiske,O
og,O
stolte,O
kystkulturen,O
som,O
dominerer,O
Noreg,B-GPE_LOC
der,O
store,O
delar,O
av,O
Noregs,B-GPE_ORG
befolkning,O
faktisk,O
bur,O
kysten,O
at,O
den,O
skal,O
ha,O
ein,O
plass,O
også,O
i,O
Grunnloven,B-PROD
,
men,O
president,O
det,O
er,O
grunn,O
til,O
å,O
minne,O
Arbeidarpartiet,B-ORG
om,O
at,O
matproduksjonen,O
er,O
høgare,O
no,O
enn,O
når,O
Arbeidarpartiet,B-ORG
styrte,O
sist,O
,
komiteen,O
omtaler,O
i,O
innstillingen,O
reguleringen,O
av,O
PSTs,B-ORG
bruk,O
av,O
overskuddsinformasjon,O
innhentet,O
fra,O
avlyttede,O
samtaler,O
mellom,O
siktede,O
og,O
sine,O
nærstående,O
i,O
forebyggende,O
saker,O
,
Høyre,B-ORG
og,O
Fremskrittspartiets,B-ORG
behandling,O
av,O
denne,O
sak,O
,
bærekraftsmålene,O
forplikter,O
alle,O
land,O
,
president,O
beredskapssenteret,O
som,O
skal,O
bygges,O
har,O
brei,O
støtte,O
,
så,O
god,O
kommuneøkonomi,O
er,O
nødvendig,O
ikke,O
bare,O
for,O
tjenestetilbudet,O
men,O
også,O
for,O
funksjonen,O
som,O
politisk,O
arena,O
,
hvis,O
vi,O
klarer,O
å,O
få,O
den,O
delen,O
av,O
innvandrere,O
som,O
kommer,O
fra,O
afrikanske,O
land,O
noen,O
østeuropeiske,O
land,O
latinamerikanske,O
land,O
til,O
å,O
få,O
like,O
høy,O
sysselsettingsandel,O
som,O
norskfødte,O
så,O
betyr,O
det,O
90000,O
flere,O
sysselsatte,O
,
mange,O
kommer,O
inn,O
der,O
jeg,O
bor,O
,
så,O
har,O
Forsvaret,B-ORG
då,O
i,O
pressa,O
Andøyposten,B-ORG
gått,O
ut,O
og,O
sagt,O
at,O
det,O
dette,O
kommer,O
til,O
å,O
auke,O
med,O
til,O
"4,2",O
,
og,O
så,O
mener,O
jeg,O
bygg-,O
og,O
anleggsbransjen,O
selv,O
har,O
gjort,O
noe,O
veldig,O
viktig,O
for,O
de,O
har,O
mange,O
steder,O
sagt,O
at,O
vi,O
gir,O
også,O
en,O
garanti,O
om,O
lærlingplass,O
,
statsråd,O
Bent,B-PER
Høie,I-PER
,
det,O
det,O
er,O
verdt,O
å,O
legge,O
merke,O
til,O
,
videre,O
uttrykte,O
utvalget,O
at,O
økt,O
helgefrekvens,O
i,O
turnusplanene,O
er,O
heilt,O
sentralt,O
for,O
å,O
få,O
redusert,O
deltidsbruken,O
,
og,O
president,O
det,O
er,O
jo,O
selvfølgelig,O
bekvemt,O
,
og,O
ser,O
da,O
både,O
hvordan,O
man,O
kan,O
utnytte,O
og,O
videreutvikle,O
de,O
verdiene,O
som,O
er,O
der,O
samtidig,O
som,O
de,O
ser,O
på,O
hvordan,O
de,O
kan,O
utvide,O
og,O
bruke,O
dette,O
også,O
som,O
en,O
næringsutvikling,O
,
president,O
jeg,O
kan,O
love,O
representanten,O
Lysbakken,B-PER
at,O
jeg,O
sier,O
nei,O
til,O
betydelige,O
mengder,O
med,O
kreative,O
gode,O
forslag,O
til,O
skattelettelser,O
så,O
det,O
er,O
ikke,O
bare,O
denne,O
vi,O
faktisk,O
holder,O
fast,O
på,O
at,O
skal,O
være,O
på,O
samme,O
nivået,O
,
da,O
har,O
representanten,O
tatt,O
opp,O
de,O
forslag,O
hun,O
selv,O
har,O
referert,O
,
derfor,O
så,O
mener,O
vi,O
i,O
KrF,B-ORG
at,O
det,O
er,O
inspirerende,O
når,O
Island,B-GPE_ORG
tar,O
tak,O
i,O
denne,O
urettferdigheten,O
og,O
i,O
år,O
innførte,O
som,O
verdens,O
første,O
land,O
en,O
likelønnslov,O
som,O
påbyr,O
alle,O
bedrifter,O
med,O
over,O
25,O
ansatte,O
å,O
rapportere,O
om,O
likelønnssituasjonen,O
,
det,O
er,O
et,O
godt,O
utgangspunkt,O
,
president,O
det,O
er,O
jo,O
ingen,O
tvil,O
om,O
at,O
Norges,B-GPE_ORG
CCS-satsning,O
har,O
vakt,O
betydelig,O
internasjonal,O
oppmerksomhet,O
og,O
interesse,O
,
og,O
det,O
kommer,O
til,O
å,O
gi,O
ny,O
giv,O
inn,O
i,O
arbeidet,O
med,O
det,O
her,O
et,O
arbeid,O
som,O
også,O
grensekomiteene,O
er,O
opptatt,O
av,O
og,O
som,O
vi,O
skal,O
ha,O
møte,O
med,O
til,O
uka,O
for,O
å,O
få,O
til,O
den,O
satsingen,O
som,O
vi,O
ønsker,O
,
møtet,O
er,O
heva,O
,
og,O
Hærens,B-ORG
stående,O
annenbataljon,O
skal,O
ikke,O
lenger,O
være,O
stående,O
men,O
basert,O
på,O
tilkalling,O
,
me,O
går,O
tilbake,O
til,O
den,O
ordinære,O
talarlista,O
,
i,O
flere,O
områder,O
jeg,O
kjenner,O
godt,O
i,O
Oslo,B-GPE_LOC
og,O
politiet,O
har,O
sagt,O
ca.,O
sju,O
steder,O
rekrutteres,O
det,O
nå,O
mange,O
helt,O
ned,O
i,O
tretten-fjortenårsalderen,O
og,O
det,O
er,O
stor,O
grunn,O
til,O
bekymring,O
både,O
for,O
disse,O
ungdommenes,O
framtid,O
og,O
for,O
om,O
vi,O
er,O
i,O
startfasen,O
av,O
en,O
veldig,O
vanskelig,O
utvikling,O
,
det,O
er,O
oppretta,O
et,O
eget,O
e-helsedirektorat,O
for,O
å,O
bygge,O
opp,O
et,O
nasjonalt,O
miljø,O
som,O
har,O
den,O
fremste,O
kompetansen,O
på,O
dette,O
området,O
både,O
det,O
styring,O
og,O
ledelse,O
,
komiteen,O
viser,O
også,O
til,O
at,O
forslaget,O
i,O
all,O
hovedsak,O
er,O
en,O
videreføring,O
av,O
forbudene,O
i,O
midlertidig,O
lov,O
om,O
beskyttelse,O
av,O
geografisk,O
informasjon,O
,
månelandinga,O
på,O
Mongstad,B-GPE_LOC
hvor,O
milliarder,O
av,O
skattebetalernes,O
penger,O
gikk,O
opp,O
i,O
røyk,O
under,O
Senterpartiets,B-ORG
ledelse,O
i,O
Olje-,B-ORG
og,I-ORG
energidepartementet,I-ORG
husker,O
alle,O
,
er,O
statsråden,O
enig,O
i,O
at,O
det,O
her,O
er,O
feil,O
vei,O
å,O
gå,O
,
de,O
britiske,O
reglene,O
bygger,O
likevel,O
på,O
dette,O
punktet,O
på,O
prinsipper,O
som,O
er,O
fremmed,O
for,O
norsk,O
strafferett,O
,
men,O
for,O
Kristelig,B-ORG
Folkeparti,I-ORG
så,O
er,O
det,O
en,O
avveining,O
mellom,O
den,O
private,O
eiendomsretten,O
og,O
samfunnets,O
utvikling,O
,
det,O
kan,O
hende,O
at,O
ikkje,O
alt,O
er,O
heilt,O
perfect,O
i,O
denne,O
reforma,O
